"","facebook_s_alphas","facebook_s_gammas","facebook_s_thetas","googlesearch_s_alphas","googlesearch_s_gammas","googlesearch_s_thetas","train_size","rsq_train","rsq_val","rsq_test","nrmse_train","nrmse_val","nrmse_test","nrmse","decomp.rssd","mape","lambda","lambda_hp","lambda_max","lambda_min_ratio","pos","Elapsed","ElapsedAccum","solID","trial","iterNG","iterPar","iterations","coef0","mape.qt10","robynPareto","error_score","cluster","top_sol"
"1",0.99580036775,0.60519826176,0.09071726442,1.739324316,0.62350396414,0.10501757508,0.54952157519,0.0509293806180068,-3.59366113314002,-10.8150307265928,0.225982531036251,0.595068095213245,0.929866807953428,0.595068095213245,0.00518366131268397,0,444.512007266795,0.1148012717,3869.02962553477,1e-04,1,0.111468076705933,31.4556767940521,"1_186_1",1,186,1,186,FALSE,TRUE,8,0.229893983034439,4,FALSE
"2",0.81058215875,0.72375346559,0.12800326116,1.516772813,0.354640287289,0.05446189647,0.55147337888,0.280442573691106,-2.26142464505084,-7.38874162266073,0.196769750002876,0.501407542866864,0.783522959335797,0.501407542866864,0.00798291369977172,0,177.238325872755,0.04571407483,3869.02962553477,1e-04,1,0.12437629699707,31.5955243110657,"1_187_1",1,187,1,187,FALSE,TRUE,9,0.190134874730985,4,FALSE
"3",0.99580036775,0.60519826176,0.09071726442,1.739324316,0.62350396414,0.10501757508,0.55402700372,0.0509293806180068,-3.59366113314002,-10.8150307265928,0.225982531036251,0.595068095213245,0.929866807953428,0.595068095213245,0.00518366131268397,0,444.512007266795,0.1148012717,3869.02962553477,1e-04,1,0.115286588668823,35.636198759079,"1_216_1",1,216,1,216,FALSE,TRUE,8,0.229893983034439,NA,NA
"4",0.81058215875,0.72375346559,0.12800326116,1.516772813,0.354640287289,0.05446189647,0.54068672294,0.275361593481701,-2.88834338473582,-8.61179973787101,0.199557417994933,0.553506538042292,0.808848736566607,0.553506538042292,0.0027443119844929,0,161.164442183405,0.04155915931,3869.02962553477,1e-04,1,0.139740705490112,35.7885067462921,"1_217_1",1,217,1,217,FALSE,TRUE,6,0.197007442469882,NA,NA
"5",0.563600232525,0.58772213981,0.17705413263,1.0455182525,0.50672527183,0.03223075854,0.57035353376,0.261939879005741,-3.04240448529488,-7.67320756965991,0.1975250850006,0.531051371060039,0.798929285332553,0.531051371060039,0.00552172975831178,0,182.242674278719,0.04700764179,3869.02962553477,1e-04,1,0.144927024841309,46.5260376930237,"1_289_1",1,289,1,289,FALSE,TRUE,8,0.194315705359086,4,FALSE
"6",0.804342271,0.69494799337,0.12731978049,1.53849457825,0.43171886077,0.06967596108,0.55513172093,-0.13329680096012,-4.69152377360547,-13.6414909013792,0.24694340684435,0.66237123772992,1.03513255859358,0.66237123772992,0.0033072051140044,0,2348.95139767031,0.6070771232,3869.02962553477,1e-04,1,0.0934066772460938,49.5766904354095,"1_313_1",1,313,1,313,FALSE,TRUE,7,0.258495430627629,4,FALSE
"7",1.17026216825,0.57989912811,0.17952897669,2.11257559425,0.49318719413,0.14364104535,0.56004693929,-0.101823180720709,-5.36512676981977,-12.0979376623179,0.241341684596637,0.654911398942041,1.00763629180892,0.654911398942041,0.00406880610464087,0,1470.490525243,0.3800050115,3869.02962553477,1e-04,1,0.190214872360229,64.5270655155182,"1_406_1",1,406,1,406,FALSE,TRUE,7,0.251024628877966,7,FALSE
"8",1.586050163,0.6136038311,0.10913651634,2.88451740525,0.39439866716,0.11189521719,0.54332421515,0.616303058420368,-0.463286576735412,-2.76250386869708,0.143687759422036,0.335855050081446,0.524737129848801,0.335855050081446,0.0107684143083382,0,58.1930582687636,0.01494223154,3869.02962553477,1e-04,1,0.148646354675293,67.6009874343872,"1_423_1",1,423,1,423,FALSE,TRUE,9,0.119834845540798,7,TRUE
"9",1.1772876825,0.78761272791,0.07578298851,2.2886891085,0.361860381842,0.05694884145,0.57390812159,0.250679467909621,-3.15778905644833,-7.95138320622653,0.199026178288285,0.538577091667217,0.81164019310014,0.538577091667217,0.00581495808288218,0,196.0669766945,0.05058106622,3869.02962553477,1e-04,1,0.147936344146729,71.5281026363373,"1_446_1",1,446,1,446,FALSE,TRUE,9,0.197770061918747,4,FALSE
"10",1.45357787825,0.70101544756,0.10623781185,2.326618534,0.341152542186,0.23903231013,0.56169729287,0.503566870717929,-1.51914506719972,-3.95941898329753,0.161996922965101,0.412007962613482,0.620037192956156,0.412007962613482,0.00597393051075997,0,77.2327187917116,0.01986376653,3869.02962553477,1e-04,1,0.150513172149658,73.8951902389526,"1_460_1",1,460,1,460,FALSE,TRUE,7,0.145708265050911,7,FALSE
"11",2.19623013275,0.68169537042,0.10309815372,2.57913332225,0.341772759679,0.01412856651,0.54728513132,0.937869635763865,0.617746892885999,-0.276373922561592,0.0569371301192996,0.169036588793753,0.300961053508743,0.169036588793753,0.0101702479588542,0,4.21505295766367,0.000989533092,3869.02962553477,1e-04,1,0.160921573638916,74.7238817214966,"1_464_1",1,464,1,464,FALSE,TRUE,7,0.0590526543597399,4,TRUE
"12",1.04821268525,0.69358758929,0.1332024498,1.75927863875,0.74390625335,0.015305121801,0.54529217681,0.348274412305821,-1.85960171202065,-6.34007719624475,0.187265592991767,0.469504720176845,0.732915036294598,0.469504720176845,0.00478051680371169,0,142.75003308999,0.03679924468,3869.02962553477,1e-04,1,0.161389112472534,81.2549767494202,"1_504_1",1,504,1,504,FALSE,TRUE,7,0.176376877911979,4,FALSE
"13",1.60825449275,0.76680370814,0.10468337091,2.558721335,0.49383996982,0.012726002985,0.56048638394,0.833020269846409,0.330521090057831,-0.232139115211807,0.0939524835463528,0.212396556236502,0.309052466393247,0.212396556236502,0.00502835864558032,0,21.6232558944784,0.005489354912,3869.02962553477,1e-04,1,0.16117525100708,86.5605752468109,"1_531_1",1,531,1,531,FALSE,TRUE,5,0.0612098894604919,4,FALSE
"14",2.14210323225,0.68274254802,0.11116504872,2.67541473675,0.74388954743,0.007208271705,0.55031417351,0.903062905735237,0.779991732053232,0.453550194421892,0.0722221815572499,0.130228695305321,0.199976266433134,0.130228695305321,0.0159606790520965,0,11.7216434264715,0.002929901073,3869.02962553477,1e-04,1,0.188583374023438,88.6496183872223,"1_542_1",1,542,1,542,FALSE,TRUE,9,0.0318068237381282,2,FALSE
"15",1.86914086,0.73722196546,0.11192229441,2.75828168225,0.66851717805,0.03912671631,0.55355670629,0.802254329204737,0.42250176883661,-0.44661203492536,0.103152342803829,0.210990313674313,0.32537138416347,0.210990313674313,0.00938935495148544,0,26.457189439526,0.006738871575,3869.02962553477,1e-04,1,0.159680843353271,89.5181028842926,"1_547_1",1,547,1,547,FALSE,TRUE,6,0.0656729785753199,3,FALSE
"16",1.45357787825,0.70101544756,0.08507017314,2.63781081775,0.45300846218,0.023855846727,0.56544912602,0.463129098971814,-1.77517670355175,-4.48252384690117,0.168465633724498,0.432438489090223,0.65191745010565,0.432438489090223,0.00431950370600898,0,99.2330815722253,0.02555060927,3869.02962553477,1e-04,1,0.114679336547852,89.9140884876251,"1_550_1",1,550,1,550,FALSE,TRUE,5,0.154367219818954,4,FALSE
"17",1.1772876825,0.78761272791,0.07578298851,2.2886891085,0.361860381842,0.05694884145,0.57390812159,0.322492585684805,-2.68883316907087,-6.93853378701603,0.189248921611842,0.507295673030946,0.764343575369723,0.507295673030946,0.00168174982963567,0,154.218386751646,0.03976368324,3869.02962553477,1e-04,1,0.112957715988159,92.3990459442139,"1_566_1",1,566,1,566,FALSE,TRUE,5,0.184913396873551,NA,NA
"18",2.00158425,0.83332671343,0.009021103209,2.42130139575,0.58809590572,0.04031199213,0.55359119693,0.956186815390095,0.686833681737623,-0.0457406515312282,0.0478130043849036,0.153000458088279,0.272416452175182,0.153000458088279,0.0020474474680281,0,7.9002220030343,0.00194210724,3869.02962553477,1e-04,1,0.147705554962158,92.9968245029449,"1_570_1",1,570,1,570,FALSE,TRUE,3,0.0512445960028866,8,FALSE
"19",1.50054555875,0.6100994113,0.16048700832,2.32923773825,0.49761462798,0.241185573,0.55339981058,0.328872268151606,-1.9565944060208,-6.57348893106869,0.190032637637057,0.477400713829284,0.744477051958582,0.477400713829284,0.000991751190928721,0,137.936390084705,0.03555497289,3869.02962553477,1e-04,1,0.125590085983276,93.1403422355652,"1_571_1",1,571,1,571,FALSE,TRUE,4,0.179514787305633,7,FALSE
"20",1.589633398,0.63499522231,0.14819933556,2.39225982225,0.97057160058,0.11064275952,0.53516419862,0.38288080776682,-2.12115050940786,-6.64064723435936,0.184158482860487,0.495904221757622,0.721157341536679,0.495904221757622,0.000360174954717792,0,111.319029458875,0.02867468889,3869.02962553477,1e-04,1,0.1221923828125,94.732385635376,"1_581_1",1,581,1,581,FALSE,TRUE,4,0.17317800454286,5,FALSE
"21",2.4915815385,0.60741240572,0.10699385133,2.60953122525,0.97662970991,0.07019343747,0.5503125941,0.947386382197438,0.916065329731189,0.786536623516241,0.0532077245818225,0.0804373738138965,0.124987046398999,0.0804373738138965,0.0525289477572766,0,3.31915221830996,0.0007579529737,3869.02962553477,1e-04,1,0.13948655128479,100.362525463104,"1_612_1",1,612,1,612,FALSE,TRUE,5,0.0172064303048118,2,FALSE
"22",2.51934138325,0.83821609387,0.08330535654,2.648446249,0.84497863602,0.09114304128,0.54461476826,0.94048987163618,0.885560506149216,0.716428814069101,0.0565875703594965,0.0939236913651256,0.144057000449658,0.0939236913651256,0.00168694924995704,0,6.07694359367814,0.001470810576,3869.02962553477,1e-04,1,0.121770620346069,101.625908136368,"1_619_1",1,619,1,619,FALSE,TRUE,1,0.0163684059224501,1,FALSE
"23",1.46715210375,0.61388587433,0.1595604261,2.32923773825,0.49761462798,0.241185573,0.55339981058,0.329037935421795,-1.95626416747263,-6.5727673382816,0.190009181497556,0.477374051308221,0.744441584681049,0.477374051308221,0.0062211142306215,0,137.936390084705,0.03555497289,3869.02962553477,1e-04,1,0.120009899139404,103.38300037384,"1_631_1",1,631,1,631,FALSE,TRUE,8,0.179511634304136,7,FALSE
"24",1.6609036695,0.65491187109,0.13836919737,2.4426774895,0.99285578362,0.10535568399,0.527603742938,0.385792939458347,-2.08933181913844,-6.06263737449948,0.183723455122707,0.474061330253658,0.716779715042293,0.474061330253658,0.00722776358864095,0,111.319029458875,0.02867468889,3869.02962553477,1e-04,1,0.133905649185181,104.739134073257,"1_641_1",1,641,1,641,FALSE,TRUE,8,0.171997829424173,5,FALSE
"25",2.4915815385,0.44483570843,0.15890903457,2.40458208375,0.97662970991,0.07019343747,0.5503125941,0.920500072578146,0.828143477334202,0.451445954856608,0.0644060981136583,0.113341307376648,0.197301800348244,0.113341307376648,0.00431043256844623,0,3.31915221830996,0.0007579529737,3869.02962553477,1e-04,1,0.148896217346191,104.905070304871,"1_642_1",1,642,1,642,FALSE,TRUE,2,0.0308498088889941,5,TRUE
"26",2.4915815385,0.60741240572,0.07402946397,2.78334834775,0.98147619743,0.07019343747,0.5503125941,0.96103364424997,0.934025388228506,0.827881679112529,0.0457899848207316,0.0713141335922869,0.112232042907778,0.0713141335922869,0.0925775277784387,0,3.31915221830996,0.0007579529737,3869.02962553477,1e-04,1,0.121924161911011,109.253984928131,"1_672_1",1,672,1,672,FALSE,TRUE,5,0.0243094760117078,2,FALSE
"27",2.51934138325,0.83821609387,0.05693384664,2.787499947,0.84885582605,0.09114304128,0.54461476826,0.949875584091579,0.900636127150903,0.748508976283868,0.0519338197673078,0.0875188180454953,0.13566398262161,0.0875188180454953,0.0200191796969155,0,6.07694359367814,0.001470810576,3869.02962553477,1e-04,1,0.139680862426758,114.576324462891,"1_709_1",1,709,1,709,FALSE,TRUE,5,0.0149375941144169,1,FALSE
"28",2.17823719325,0.44213469256,0.21236793783,2.765082905,0.82786257034,0.07435608738,0.54575464931,0.86382016729988,0.773316323445952,0.487213061530232,0.0856016236267438,0.13218960732919,0.193718811165478,0.13218960732919,0.0152472404948589,0,7.20588356255799,0.001762628676,3869.02962553477,1e-04,1,0.125186204910278,116.519166469574,"1_722_1",1,722,1,722,FALSE,TRUE,9,0.0300976329393137,5,FALSE
"29",2.4915815385,0.4227694552,0.06660874989,2.8912700265,0.90932575347,0.05343375441,0.55487085476,0.966200425229864,0.889594445504715,0.615878828848501,0.0419951601152452,0.0908449247403717,0.165103188044052,0.0908449247403717,0.096465109001567,0,1.11291911623584,0.0001876668914,3869.02962553477,1e-04,1,0.142485380172729,118.251499414444,"1_732_1",1,732,1,732,FALSE,TRUE,7,0.032628450519049,6,FALSE
"30",2.47976748225,0.63007292269,0.13980241083,2.42963452225,0.94638894446,0.05898046329,0.54970710155,0.932354708205211,0.895578597461535,0.737901318212072,0.0603315372390307,0.0897184887758593,0.138495523520371,0.0897184887758593,0.0139151445557161,0,3.49833236594858,0.0008042689973,3869.02962553477,1e-04,1,0.162070989608765,118.604154109955,"1_734_1",1,734,1,734,FALSE,TRUE,5,0.0152498923279879,2,FALSE
"31",1.58757717925,0.67361526195,0.13491964503,2.429106822,0.92612827746,0.08430420132,0.53822604668,0.365067553575412,-2.25246816064785,-6.97254392908208,0.186797458238212,0.506228948543827,0.736653768754992,0.506228948543827,0.00598343279913585,0,119.898900917429,0.03089248776,3869.02962553477,1e-04,1,0.143216609954834,120.599422931671,"1_746_1",1,746,1,746,FALSE,TRUE,8,0.177395033078003,5,FALSE
"32",2.2617729305,0.44149006354,0.06881689173,2.86216252075,0.87918255269,0.023855846727,0.55333990049,0.841755711252413,0.566814542102413,-0.0788899283900535,0.0922761839920107,0.182736003726021,0.28099066193309,0.182736003726021,0.0132509829661057,0,22.5019380892478,0.005716484233,3869.02962553477,1e-04,1,0.199384927749634,123.389998912811,"1_760_1",1,760,1,760,FALSE,TRUE,9,0.0536732476655918,6,TRUE
"33",2.4915815385,0.60741240572,0.10040097387,2.64429464975,0.9775990074,0.07019343747,0.5503125941,0.950339713763834,0.919884945288347,0.795247164523294,0.0516928186077535,0.0785858319907657,0.122410389629016,0.0785858319907657,0.0616259872795815,0,3.31915221830996,0.0007579529737,3869.02962553477,1e-04,1,0.208004951477051,123.832440376282,"1_762_1",1,762,1,762,FALSE,TRUE,5,0.0185819779841157,2,FALSE
"34",1.4547830485,0.84708786545,0.13617458118,2.31691612025,0.43351446304,0.22788682629,0.53268273308,0.386466896757922,-2.11564454296915,-6.1812359819349,0.183622629393826,0.476075907721826,0.722772884473736,0.476075907721826,0.0100906027304622,0,102.631654067278,0.02642910148,3869.02962553477,1e-04,1,0.185715675354004,124.044539690018,"1_763_1",1,763,1,763,FALSE,TRUE,9,0.173635096824129,7,FALSE
"35",1.5716372815,0.78224371006,0.09265465719,2.5363007135,0.76419997764,0.1219098999,0.54829036412,0.38678858765814,-1.64542590429487,-5.77079430862259,0.181648040935397,0.451580301876213,0.703919713883192,0.451580301876213,0.00589353301527436,0,126.250052642236,0.03253418801,3869.02962553477,1e-04,1,0.176599979400635,124.449231147766,"1_765_1",1,765,1,765,FALSE,TRUE,7,0.16850037596777,3,FALSE
"36",2.42891266925,0.57435686306,0.12806866863,2.765082905,0.82786257034,0.07435608738,0.54575464931,0.914914934984944,0.838362817444339,0.60965483853437,0.0676631592491611,0.111624062530274,0.169015960630408,0.111624062530274,0.0101607281040971,0,7.20588356255799,0.001762628676,3869.02962553477,1e-04,1,0.16431999206543,127.835766553879,"1_782_1",1,782,1,782,FALSE,TRUE,6,0.0232826452263991,2,FALSE
"37",2.49293957025,0.59828487199,0.09347835831,2.784448565,0.9160956151,0.07718024403,0.55096143479,0.953503289589828,0.923932043879311,0.802567803957519,0.050019197308757,0.0765751863328253,0.120202169451039,0.0765751863328253,0.0876483803200164,0,3.10707642053116,0.0007031337999,3869.02962553477,1e-04,1,0.15532660484314,128.60259103775,"1_786_1",1,786,1,786,FALSE,TRUE,5,0.0239575864476632,2,FALSE
"38",2.5241822635,0.66163385916,0.14224248231,2.3922679615,0.91271870296,0.22103559585,0.55779979625,0.833888863183374,0.60354753210685,0.0903535325607313,0.0945420421859542,0.174816633019696,0.258011840391689,0.174816633019696,0.0045222246917672,0,14.6732819725362,0.003692865957,3869.02962553477,1e-04,1,0.168313980102539,128.979385614395,"1_788_1",1,788,1,788,FALSE,TRUE,4,0.0473412469239219,5,FALSE
"39",2.51934138325,0.97714095561,0.06435456069,2.679578268,0.73965777695,0.09114304128,0.54461476826,0.947276542143221,0.893597251805949,0.728334985021574,0.0532632358021922,0.0905656714258584,0.141000344814255,0.0905656714258584,0.0162006559375784,0,6.07694359367814,0.001470810576,3869.02962553477,1e-04,1,0.137174129486084,131.055940628052,"1_799_1",1,799,1,799,FALSE,TRUE,6,0.0160469394712001,10,FALSE
"40",2.54834899525,0.81099655929,0.017747869353,2.81561721725,0.89762235932,0.06317125188,0.54891937946,0.936870155222086,0.861087226267837,0.651640375937843,0.0582831431414603,0.103480443219813,0.159667757048906,0.103480443219813,0.0201759791285913,0,9.93287136040472,0.002467523905,3869.02962553477,1e-04,1,0.124198198318481,131.710000991821,"1_803_1",1,803,1,803,FALSE,TRUE,9,0.0212078374200406,1,FALSE
"41",2.42891266925,0.57435686306,0.12806866863,2.765082905,0.82786257034,0.07435608738,0.54028448378,0.905696435780833,0.748129458441564,0.406378085633786,0.0719898478345712,0.14087344577247,0.201011043069208,0.14087344577247,0.00452585825792436,0,7.20588356255799,0.001762628676,3869.02962553477,1e-04,1,0.143917083740234,133.206307172775,"1_812_1",1,812,1,812,FALSE,TRUE,3,0.0318589768450422,NA,NA
"42",1.73992034525,0.86115386404,0.07485255876,2.86264238475,0.99114240811,0.04273540827,0.5589285608,0.956336832955154,0.869717978810928,0.56749046873082,0.0477310776652094,0.0986841606512373,0.17519397980104,0.0986841606512373,0.0133230554840287,0,5.11258736951753,0.001221535496,3869.02962553477,1e-04,1,0.141634464263916,133.367731332779,"1_813_1",1,813,1,813,FALSE,TRUE,5,0.025044142738184,3,FALSE
"43",2.490495113,0.61471443269,0.10040097387,2.64429464975,0.9775990074,0.06460399224,0.54979352153,0.950268437660163,0.919328238173297,0.794048542299089,0.0517299019783101,0.0788583996943337,0.122768161742945,0.0788583996943337,0.0537134103483202,0,3.48881285599138,0.0008018083126,3869.02962553477,1e-04,1,0.174518346786499,134.786943435669,"1_822_1",1,822,1,822,FALSE,TRUE,5,0.0170512396756842,2,FALSE
"44",2.54834899525,0.81099655929,0.017747869353,2.81561721725,0.89762235932,0.06021540438,0.54891937946,0.937057764404251,0.861764266583821,0.653165845074665,0.0581964758235014,0.103227961015319,0.159317780400001,0.103227961015319,0.0208698086462703,0,9.93287136040472,0.002467523905,3869.02962553477,1e-04,1,0.137089014053345,136.789485931396,"1_833_1",1,833,1,833,FALSE,TRUE,9,0.0211572060308968,1,FALSE
"45",1.65417157525,0.63636413755,0.1127921139,2.56384548325,0.57626612475,0.17988342234,0.53261120888,0.429239333555607,-1.86324952918674,-5.5842678077745,0.177106385646748,0.456385513914299,0.692079516468968,0.456385513914299,0.00153130804673489,0,94.3830511967114,0.02429693176,3869.02962553477,1e-04,1,0.148293733596802,137.130397558212,"1_835_1",1,835,1,835,FALSE,TRUE,3,0.165277127133104,7,FALSE
"46",2.49293957025,0.59828487199,0.12499950789,2.612720463,0.89112756472,0.06820986468,0.55096143479,0.939841236743858,0.906392111163789,0.760169434830691,0.0568951247094523,0.08494609400362,0.132481605753389,0.08494609400362,0.0345315770679493,0,3.10707642053116,0.0007031337999,3869.02962553477,1e-04,1,0.137038230895996,138.973190069199,"1_846_1",1,846,1,846,FALSE,TRUE,4,0.0157669937133565,2,FALSE
"47",2.50274282525,0.61937629878,0.1027385448,2.5147186615,0.91713568518,0.05605393215,0.55034547977,0.945876076940401,0.904917034126263,0.755532367651023,0.0539660011111378,0.0856127699483291,0.13375622437368,0.0856127699483291,0.0138852163754459,0,4.27334253260678,0.001004600282,3869.02962553477,1e-04,1,0.140726327896118,139.135262727737,"1_847_1",1,847,1,847,FALSE,TRUE,4,0.0139969063994974,2,FALSE
"48",1.941860627,0.6624298629,0.14224248231,2.3922679615,0.91271870296,0.08458449819,0.55779979625,0.858170471997749,0.671529998880951,0.223416259176437,0.0873592572248412,0.159123764483941,0.238395176900837,0.159123764483941,0.00606578791707588,0,14.6732819725362,0.003692865957,3869.02962553477,1e-04,1,0.153243541717529,139.307418346405,"1_848_1",1,848,1,848,FALSE,TRUE,4,0.0420245411091672,5,FALSE
"49",2.2617729305,0.57276753189,0.13486019259,2.55136591625,0.88563681029,0.0548675049,0.55102186988,0.914702095113377,0.839794839787393,0.613393057216798,0.0677477359201654,0.111128496568275,0.168204706059443,0.111128496568275,0.00128175221971744,0,7.12177726581234,0.001740888158,3869.02962553477,1e-04,1,0.122811794281006,139.592258691788,"1_850_1",1,850,1,850,FALSE,TRUE,1,0.0229269178472157,2,TRUE
"50",2.490495113,0.61471443269,0.04848579063,2.84924379125,0.87712463578,0.04900421763,0.55735397723,0.969703406814662,0.942142337428214,0.839280026909436,0.0403759265479785,0.0667832624016347,0.108452169322255,0.0667832624016347,0.0900747075311547,0,3.48881285599138,0.0008018083126,3869.02962553477,1e-04,1,0.142516851425171,139.931318759918,"1_852_1",1,852,1,852,FALSE,TRUE,3,0.0234052494593957,9,FALSE
"51",2.53363447875,0.98123041014,0.07565397156,2.63581592275,0.75993983861,0.10147020873,0.54970710155,0.957493502440636,0.924921681609425,0.805444463556155,0.0478248112577665,0.0760754372116393,0.119323261324839,0.0760754372116393,0.0349577827777806,0,3.49833236594858,0.0008042689973,3869.02962553477,1e-04,1,0.137003898620605,140.239280700684,"1_854_1",1,854,1,854,FALSE,TRUE,4,0.0129883878074578,10,FALSE
"52",2.51934138325,0.97714095561,0.06435456069,2.615250588,0.78108252612,0.10035391704,0.54461476826,0.946363394905808,0.892463562900447,0.728685632210867,0.0537225037365147,0.0910468679071754,0.14090931848387,0.0910468679071754,0.0142388411429208,0,6.07694359367814,0.001470810576,3869.02962553477,1e-04,1,0.142395257949829,141.038011074066,"1_859_1",1,859,1,859,FALSE,TRUE,6,0.0159071264338549,10,FALSE
"53",1.6303638785,0.78241383834,0.0716604351,2.81471592325,0.95952499109,0.04328089311,0.55342591148,0.944950075931168,0.828326424134594,0.427258858639709,0.0535947174079043,0.113280963577829,0.201604641924976,0.113280963577829,0.00718692856684682,0,8.18806263921606,0.00201651076,3869.02962553477,1e-04,1,0.161401748657227,141.218393087387,"1_860_1",1,860,1,860,FALSE,TRUE,4,0.032050258406239,3,FALSE
"54",2.25130848425,0.60523694642,0.15858497376,2.79776029975,0.93218571941,0.07326620892,0.55191675656,0.919052019467387,0.884495981776904,0.724931349963386,0.0659976715039885,0.094359522631533,0.141880877545478,0.094359522631533,0.0420449119649695,0,3.67264458652228,0.0008493267173,3869.02962553477,1e-04,1,0.104910135269165,141.520689487457,"1_862_1",1,862,1,862,FALSE,TRUE,9,0.0189290949215243,5,FALSE
"55",2.086265738,0.59647016343,0.13021367394,2.5367407445,0.87510265946,0.08894504859,0.54478713719,0.927516374208478,0.783865615088144,0.30180357234105,0.06149836616705,0.127106318514123,0.222592305832595,0.127106318514123,0.0064392635585676,0,7.04356984454092,0.001720672432,3869.02962553477,1e-04,1,0.159357786178589,143.13981461525,"1_871_1",1,871,1,871,FALSE,TRUE,4,0.0377373444871234,5,FALSE
"56",2.71705635225,0.61512053762,0.03211666998,2.74771041175,0.81147316213,0.09910566141,0.55096143479,0.972842982244158,0.942001829386741,0.83284371377633,0.0382266853742211,0.0668643052130406,0.11060243152752,0.0668643052130406,0.0919786616151519,0,3.10707642053116,0.0007031337999,3869.02962553477,1e-04,1,0.131472587585449,143.937652587891,"1_876_1",1,876,1,876,FALSE,TRUE,4,0.0240303837718835,9,FALSE
"57",2.69551874125,0.65666331225,0.1027385448,2.5147186615,0.94233478505,0.05700307395,0.5498043677,0.957314831100018,0.936351342985873,0.828263465691309,0.0479252189959487,0.0700457534011575,0.112107499293801,0.0700457534011575,0.0402353831332607,0,1.99459474333428,0.0004155699805,3869.02962553477,1e-04,1,0.135242700576782,144.091604948044,"1_877_1",1,877,1,877,FALSE,TRUE,3,0.0126227947177156,2,FALSE
"58",2.26372849625,0.55962388333,0.13486019259,2.55136591625,0.88563681029,0.0548675049,0.55102186988,0.916337902109062,0.844436809424528,0.623375697236635,0.0670949725109042,0.109506679302973,0.166018883281176,0.109506679302973,0.00481386820282509,0,6.81638811806315,0.001661948548,3869.02962553477,1e-04,1,0.110012769699097,144.563151597977,"1_880_1",1,880,1,880,FALSE,TRUE,2,0.0223627284873842,2,FALSE
"59",2.490495113,0.61471443269,0.05637433839,2.80016015375,0.87273203232,0.0383303298,0.55740232532,0.949870404877256,0.896573445118567,0.732666609153233,0.0519365027854594,0.0892900812065981,0.139871721933799,0.0892900812065981,0.0290054229379852,0,6.70057353190683,0.001632011799,3869.02962553477,1e-04,1,0.114414691925049,144.840022087097,"1_882_1",1,882,1,882,FALSE,TRUE,6,0.016850779462344,9,FALSE
"60",2.5355900445,0.96808676165,0.13686494535,2.63581592275,0.75993983861,0.10147020873,0.54970710155,0.930504544936587,0.892206416654236,0.740468212813184,0.0611510340858511,0.0911556607101749,0.137815668677272,0.0911556607101749,0.00644140312265385,0,3.49833236594858,0.0008042689973,3869.02962553477,1e-04,1,0.116232633590698,145.169380187988,"1_884_1",1,884,1,884,FALSE,TRUE,3,0.0147541676169166,10,TRUE
"61",2.779064332,0.9313915853,0.04032498876,2.8731539395,0.69391464315,0.08022963417,0.55191675656,0.969893665908879,0.942323602502577,0.83761524857463,0.040248948812816,0.0666785660759943,0.109012409850047,0.0666785660759943,0.0135768129045163,0,3.67264458652228,0.0008493267173,3869.02962553477,1e-04,1,0.196712255477905,147.763008832932,"1_892_1",1,892,1,892,FALSE,TRUE,2,0.00762863728978618,8,FALSE
"62",1.579352304,0.96051450472,0.05929148199,2.68653724075,0.77275054379,0.12566475132,0.53894195603,0.378872938480614,-2.20050303601596,-6.87121729455041,0.184755522010582,0.502168620878268,0.731957568032049,0.502168620878268,0.00430488396548635,0,117.139594783901,0.03017923861,3869.02962553477,1e-04,1,0.15575909614563,148.518784999847,"1_896_1",1,896,1,896,FALSE,TRUE,5,0.176115953985172,3,FALSE
"63",1.733487424,0.79335004999,0.07218486054,2.72365824475,0.85492907358,0.10630321734,0.53708878634,0.462478250488163,-1.66276710454325,-5.51652709453326,0.171872036434771,0.458043833941692,0.665998202867177,0.458043833941692,0.000306947675808653,0,90.4639375421976,0.0232838856,3869.02962553477,1e-04,1,146.721166372299,373.400013446808,"1_901_1",1,901,1,901,FALSE,TRUE,3,0.158189666359555,3,FALSE
"64",2.5582366055,0.81344750688,0.07485255876,2.86264238475,0.99114240811,0.04273540827,0.54924525077,0.950043729961213,0.91358303716811,0.79038971591652,0.0518466387712885,0.0816181389839164,0.123853878526814,0.0816181389839164,0.0107446575043923,0,6.02352212530497,0.001457001736,3869.02962553477,1e-04,1,0.268179893493652,374.89667057991,"1_903_1",1,903,1,903,FALSE,TRUE,3,0.0111967452530942,1,FALSE
"65",1.5638858615,0.6428059047,0.09779624829,2.69305847775,0.51164692668,0.05498372373,0.55865744834,0.526476674781452,-0.912978957277982,-3.91453663736062,0.159623302684369,0.384009779876839,0.599714578762526,0.384009779876839,0.00448162308106718,0,82.060344387135,0.02111165266,3869.02962553477,1e-04,1,0.284982919692993,375.202877044678,"1_904_1",1,904,1,904,FALSE,TRUE,5,0.140182880169845,4,FALSE
"66",2.855532215,0.6883042282,0.09347835831,2.784448565,0.9160956151,0.07718024403,0.55096143479,0.955188805650203,0.92980755746773,0.819272223699812,0.0491042252881552,0.0735584155857511,0.115004747934503,0.0735584155857511,0.0325520016055046,0,3.10707642053116,0.0007031337999,3869.02962553477,1e-04,1,0.143912553787231,375.613141775131,"1_906_1",1,906,1,906,FALSE,TRUE,3,0.0117207701789311,9,FALSE
"67",2.1407437335,0.51500629479,0.1027385448,2.5147186615,0.94233478505,0.05700307395,0.5498043677,0.943524377869313,0.798879882844625,0.320877648631748,0.0542842866428425,0.122611996601267,0.219530744018391,0.122611996601267,0.00968175376718993,0,1.99459474333428,0.0004155699805,3869.02962553477,1e-04,1,0.14150595664978,375.791393280029,"1_907_1",1,907,1,907,FALSE,TRUE,6,0.0369499979273329,2,FALSE
"68",2.490495113,0.61471443269,0.04848579063,2.84924379125,0.73055664169,0.07398455088,0.5530042007,0.973282244934694,0.885348015102933,0.60398361037855,0.0373373598348525,0.0925754851596965,0.167640102307615,0.0925754851596965,0.142459160361651,0,3.63587824057084,0.0008398230364,3869.02962553477,1e-04,1,0.161358594894409,376.894600152969,"1_912_1",1,912,1,912,FALSE,TRUE,9,0.0421554386543079,9,FALSE
"69",2.71225222575,0.9375579756,0.13686494535,2.63581592275,0.75993983861,0.10147020873,0.55184430617,0.939517947860576,0.918024027534354,0.798240889077993,0.0570477950362144,0.0794932910457184,0.121512203285865,0.0794932910457184,0.03455168526074,0,1.61763033399395,0.0003181289821,3869.02962553477,1e-04,1,0.143291473388672,377.222641944885,"1_914_1",1,914,1,914,FALSE,TRUE,4,0.0133705783840357,10,FALSE
"70",2.237936759,0.59390670953,0.14332203081,2.37995773475,0.71552551831,0.09557786214,0.55074088847,0.916270971439805,0.715833282123317,0.103404162679413,0.0660969849609293,0.145744378781087,0.252243332975592,0.145744378781087,0.0133550319016677,0,7.63292720221671,0.001873014584,3869.02962553477,1e-04,1,0.13763952255249,377.562452793121,"1_916_1",1,916,1,916,FALSE,TRUE,9,0.0458808837498198,5,FALSE
"71",1.91174047325,0.79085542947,0.0778924266,2.758417314,0.7465437291,0.09947474508,0.53641341575,0.778321130000762,0.130851858982534,-1.0963875608147,0.110374653052338,0.261690135713529,0.377746754478895,0.261690135713529,0.00643619668623086,0,27.4065592652156,0.006984272842,3869.02962553477,1e-04,1,0.150989294052124,377.732577800751,"1_917_1",1,917,1,917,FALSE,TRUE,6,0.0798793891219664,3,FALSE
"72",2.51934138325,0.97714095561,0.06435456069,2.679578268,0.71494379661,0.09114304128,0.54461476826,0.947145905713101,0.892159741920935,0.723194052398149,0.0533291819146731,0.09117539382207,0.142328222833237,0.09117539382207,0.0183118460161242,0,6.07694359367814,0.001470810576,3869.02962553477,1e-04,1,0.153610706329346,378.077343225479,"1_919_1",1,919,1,919,FALSE,TRUE,7,0.0165335530590117,10,FALSE
"73",1.71286271475,0.79116280766,0.07207997547,2.81471592325,0.95952499109,0.04328089311,0.55342591148,0.952119369566714,0.849818475491815,0.495302212166275,0.0499831420333057,0.105953049793008,0.18925050093747,0.105953049793008,0.00759777999254577,0,8.18806263921606,0.00201651076,3869.02962553477,1e-04,1,0.178468227386475,378.276421546936,"1_920_1",1,920,1,920,FALSE,TRUE,5,0.0287056512557942,3,TRUE
"74",2.81018050975,0.91157671568,0.03356275056,2.8731539395,0.69391464315,0.08022963417,0.55191675656,0.971592155875367,0.944401704176592,0.841411374469716,0.0390971177368477,0.0654663199392426,0.107730663719097,0.0654663199392426,0.012782826065223,0,3.67264458652228,0.0008493267173,3869.02962553477,1e-04,1,0.153423309326172,378.678556203842,"1_922_1",1,922,1,922,FALSE,TRUE,1,0.00722883325166783,8,FALSE
"75",2.2879719655,0.64022820699,0.11819996616,2.43285926775,0.89762235932,0.06021540438,0.54689698577,0.91822669898446,0.837589516737648,0.605290372470888,0.0663332641600073,0.111890758503387,0.169958221455029,0.111890758503387,0.016467564973802,0,7.72673325788189,0.001897262379,3869.02962553477,1e-04,1,0.170950412750244,378.871554851532,"1_923_1",1,923,1,923,FALSE,TRUE,7,0.0237571570683186,2,FALSE
"76",2.42891266925,0.57435686306,0.12806866863,2.77557048375,0.9409559821,0.011777381007,0.54959894516,0.913401608182415,0.833105486835867,0.601929641725555,0.0682622371833867,0.11342485118068,0.170680237212734,0.11342485118068,0.0110541012090138,0,9.15875033434878,0.002267422453,3869.02962553477,1e-04,1,0.154970645904541,380.442328691483,"1_932_1",1,932,1,932,FALSE,TRUE,7,0.0237569721845146,2,FALSE
"77",2.356681482,0.81344750688,0.07485255876,2.86264238475,0.99114240811,0.04273540827,0.54710804615,0.938018245034666,0.883480489283575,0.721420126790183,0.057750737985825,0.0947734116790743,0.142783553480994,0.0947734116790743,0.0212849543148386,0,7.90422416035451,0.001943141752,3869.02962553477,1e-04,1,0.17706823348999,380.643323659897,"1_933_1",1,933,1,933,FALSE,TRUE,9,0.0168701626333335,1,FALSE
"78",2.4551811215,0.6506979133,0.09065423844,2.63006535975,0.80102285065,0.10260720108,0.54881069513,0.920564684312239,0.829021363657922,0.578627177281595,0.0653781183364964,0.114804288957323,0.175604879207164,0.114804288957323,0.00459453879425789,0,8.28321593423479,0.002041106801,3869.02962553477,1e-04,1,0.164465427398682,381.020365476608,"1_935_1",1,935,1,935,FALSE,TRUE,3,0.0249616362130525,9,TRUE
"79",2.855532215,0.6883042282,0.09347835831,2.5952685935,0.71517960589,0.09274580892,0.56005262036,0.951412278053139,0.875209875826583,0.738465948389373,0.0506803559034381,0.0916999563941906,0.142385728740713,0.0916999563941906,0.0192835495823417,0,3.10707642053116,0.0007031337999,3869.02962553477,1e-04,1,0.160583019256592,381.203352451324,"1_936_1",1,936,1,936,FALSE,TRUE,8,0.0166168346479034,9,FALSE
"80",1.8947775095,0.78582757202,0.08505783561,2.5105134195,0.94233478505,0.05700307395,0.5498043677,0.94794035771722,0.78973081244713,0.29351899537159,0.0521187766203579,0.125369826881856,0.223909016222042,0.125369826881856,0.0187208800751655,0,1.99459474333428,0.0004155699805,3869.02962553477,1e-04,1,0.14309024810791,381.370176076889,"1_937_1",1,937,1,937,FALSE,TRUE,9,0.0383452097614495,3,FALSE
"81",2.2617729305,0.57276753189,0.13486019259,2.55136591625,0.88563681029,0.0548675049,0.55102186988,0.937109746130198,0.837918299618603,0.46918601626896,0.0572842586659502,0.110070819505516,0.194085242627497,0.110070819505516,0.0141904689767206,0,5.19833805993291,0.001243701071,3869.02962553477,1e-04,1,0.152487993240356,382.280799865723,"1_940_1",1,940,1,940,FALSE,TRUE,6,0.0301644818100559,NA,NA
"82",2.490495113,0.61471443269,0.04848579063,2.84924379125,0.87712463578,0.06427887357,0.55158290543,0.975707034363585,0.909044542320334,0.689899652312129,0.0356027783979092,0.082455492417321,0.148344846572948,0.082455492417321,0.150771493705669,0,2.75727413009927,0.0006127138993,3869.02962553477,1e-04,1,0.16105318069458,382.61446595192,"1_942_1",1,942,1,942,FALSE,TRUE,6,0.041436229290074,9,FALSE
"83",2.5225911155,0.86419022744,0.09401727429,2.64592018375,0.75993983861,0.09320847477,0.5456332349,0.938866921674954,0.883756335082393,0.70923814498595,0.0573540032343701,0.0946611629314747,0.145872032223414,0.0946611629314747,0.00750238140526008,0,5.56122135099502,0.001337502261,3869.02962553477,1e-04,1,0.16923189163208,382.956083059311,"1_944_1",1,944,1,944,FALSE,TRUE,4,0.0169590785459578,10,FALSE
"84",2.237936759,0.59390670953,0.14332203081,2.37995773475,0.82704836254,0.1041581463,0.53981920676,0.885653503956774,0.695420254941535,0.280020561797695,0.079271784068564,0.15491410384338,0.221373178846665,0.15491410384338,0.0106931888880841,0,7.63292720221671,0.001873014584,3869.02962553477,1e-04,1,0.152833938598633,383.287220478058,"1_946_1",1,946,1,946,FALSE,TRUE,8,0.0374666247495606,5,FALSE
"85",1.91174047325,0.79085542947,0.0778924266,2.72789620625,0.7465437291,0.09947474508,0.53641341575,0.778229511070964,0.129600877832874,-1.10032763005882,0.110397459382395,0.261878395745882,0.378101567141422,0.261878395745882,0.00310436375322848,0,27.4065592652156,0.006984272842,3869.02962553477,1e-04,1,0.187503099441528,383.495643615723,"1_947_1",1,947,1,947,FALSE,TRUE,4,0.0799635008422417,3,FALSE
"86",2.15199088725,0.61644658703,0.12230414916,2.6040359175,0.90041444645,0.05255018253,0.55342591148,0.914819580916047,0.832816679885559,0.598005437566134,0.0677010633801458,0.113522948252006,0.171519462585046,0.113522948252006,0.0186192008251532,0,8.18806263921606,0.00201651076,3869.02962553477,1e-04,1,0.149107456207275,383.989714860916,"1_950_1",1,950,1,950,FALSE,TRUE,8,0.0242717071547091,2,FALSE
"87",2.11460824825,0.76890744614,0.017285234853,2.94845472275,0.64248376876,0.08669150679,0.55182304004,0.892527175115315,0.707362781075846,0.249315695130445,0.0760457480126219,0.150193787435524,0.234386171820517,0.150193787435524,0.0114648872227221,0,15.8926061825931,0.004008047352,3869.02962553477,1e-04,1,0.153913497924805,384.168406009674,"1_951_1",1,951,1,951,FALSE,TRUE,8,0.0410073985371412,8,FALSE
"88",2.983764728,0.87606443468,0.007681118286,2.95081820575,0.69391464315,0.08022963417,0.54679107527,0.981743874023619,0.963203397057158,0.885971722643361,0.0313422316346382,0.0532587601393899,0.0913502204272859,0.0532587601393899,0.0287096768604998,0,2.8367776511361,0.0006332646523,3869.02962553477,1e-04,1,0.144959449768066,384.329885721207,"1_952_1",1,952,1,952,FALSE,TRUE,1,0.00743169121787555,8,FALSE
"89",1.81902900775,0.80075071039,0.0971488659,2.6358489015,0.82697918007,0.09274580892,0.56005262036,0.936614875962405,0.685813080655907,0.213924471172306,0.0570279251615593,0.143347651474349,0.243193515705574,0.143347651474349,0.000204921534253924,0,3.10707642053116,0.0007031337999,3869.02962553477,1e-04,1,0.154496431350708,386.859296560287,"1_966_1",1,966,1,966,FALSE,TRUE,2,0.0433014109126161,3,FALSE
"90",2.8585567055,0.67820749218,0.07756697073,2.5147186615,0.94233478505,0.04528167891,0.54426967841,0.944568641468854,0.891431688018926,0.724953532362095,0.0546139219405038,0.0914826489298789,0.141875156570645,0.0914826489298789,0.0578574513049241,0,6.54879529248479,0.001592778856,3869.02962553477,1e-04,1,0.179810762405396,387.059682607651,"1_967_1",1,967,1,967,FALSE,TRUE,8,0.0213591900899661,2,FALSE
"91",2.108674447,0.64574882769,0.028018801794,2.88218602575,0.80269808358,0.14021158134,0.53036042144,0.737471561630601,-0.106152777911143,-1.46523390862832,0.120114483892488,0.283667648952083,0.423478453518893,0.283667648952083,0.00795213175546203,0,34.5905736612675,0.008841258589,3869.02962553477,1e-04,1,0.187372922897339,387.491936445236,"1_969_1",1,969,1,969,FALSE,TRUE,7,0.0923111715175596,9,FALSE
"92",2.53262137925,0.97166225896,0.06529074726,2.88779136625,0.65348820906,0.10147020873,0.54970710155,0.96109420587846,0.926922555767259,0.802747875921914,0.0457543875172324,0.0750548676912698,0.120147340555573,0.0750548676912698,0.0554263274131321,0,3.49833236594858,0.0008042689973,3869.02962553477,1e-04,1,0.282796144485474,388.643147945404,"1_974_1",1,974,1,974,FALSE,TRUE,4,0.016964008558253,10,FALSE
"93",1.82457237175,0.69487512001,0.05044990701,2.6643626235,0.87892312779,0.08582986218,0.53641341575,0.949098547837173,0.70714627574388,0.125951855113561,0.0520568812687303,0.149510496276206,0.24007033033927,0.149510496276206,0.00942511390681139,0,10.0298619744371,0.002492594872,3869.02962553477,1e-04,1,0.181819438934326,389.287858009338,"1_977_1",1,977,1,977,FALSE,TRUE,6,0.0425173288115686,3,FALSE
"94",2.97928454025,0.76321897307,0.04801875981,2.71803219425,0.6153251759,0.11036871975,0.54965686211,0.962926871508809,0.921011653987447,0.778346712378197,0.0446637539320289,0.0780312741763013,0.127362157266985,0.0780312741763013,0.00476200664069801,0,3.93710655242872,0.0009176871178,3869.02962553477,1e-04,1,0.173191785812378,389.487076044083,"1_978_1",1,978,1,978,FALSE,TRUE,1,0.0118855298320119,8,TRUE
"95",2.51934138325,0.97714095561,0.06435456069,2.58892601875,0.9932376675,0.07704471261,0.55293137486,0.953601859367372,0.917384929700174,0.797039185020758,0.0499661505781666,0.0798025606628571,0.121873537455557,0.0798025606628571,0.00605258108527926,0,5.41291948939805,0.001299167922,3869.02962553477,1e-04,1,0.151001930236816,389.661168813705,"1_979_1",1,979,1,979,FALSE,TRUE,2,0.0104439492326774,1,TRUE
"96",1.71286271475,0.79116280766,0.07207997547,2.9987379845,0.71451017328,0.10186031508,0.54299236121,0.942245669797707,0.781787380726287,0.233891379805821,0.0548953930500107,0.127715950238331,0.23316669219592,0.127715950238331,1.79349027984021e-05,0,3.07116771243744,0.0006938518086,3869.02962553477,1e-04,1,0.148774147033691,389.833221912384,"1_980_1",1,980,1,980,FALSE,TRUE,1,0.0405768078727358,3,FALSE
"97",2.81018050975,0.91157671568,0.006231334245,2.947079908,0.57306344884,0.0714989085,0.55775834723,0.987184992956376,0.971414299450105,0.903953916075783,0.0262594139005626,0.0469420021049367,0.0838384323336452,0.0469420021049367,0.0843430216505398,0,1.74920537986912,0.0003521396301,3869.02962553477,1e-04,1,0.15031623840332,390.194479703903,"1_982_1",1,982,1,982,FALSE,TRUE,1,0.0210017674605788,8,FALSE
"98",2.777939967,0.78466169983,0.04718985549,2.67672520475,0.75185445025,0.07662640212,0.54918348947,0.959452007014042,0.916365091416017,0.773827309976969,0.0467100449611278,0.0802936095660603,0.128654031451659,0.0802936095660603,0.0164103560086944,0,5.10793293582243,0.001220332378,3869.02962553477,1e-04,1,0.154646396636963,390.763845682144,"1_985_1",1,985,1,985,FALSE,TRUE,3,0.0128438420545031,9,FALSE
"99",2.30890352725,0.79335004999,0.07218486054,2.96735219675,0.78898910298,0.05786144859,0.55229874827,0.941937186825307,0.883586751770836,0.706226403813446,0.0558952162713761,0.0947301864907724,0.14662556470829,0.0947301864907724,0.0388577141001909,0,7.04356984454092,0.001720672432,3869.02962553477,1e-04,1,0.178439140319824,391.940884828568,"1_991_1",1,991,1,991,FALSE,TRUE,9,0.0196125898650686,1,FALSE
"100",1.5638858615,0.6428059047,0.09779624829,2.69305847775,0.51164692668,0.05498372373,0.54561538871,0.526476674781452,-0.912978957277982,-3.91453663736062,0.159623302684369,0.384009779876839,0.599714578762526,0.384009779876839,0.00448162308106718,0,82.060344387135,0.02111165266,3869.02962553477,1e-04,1,0.171104907989502,392.480818748474,"1_994_1",1,994,1,994,FALSE,TRUE,5,0.140182880169845,NA,NA
"101",2.64537670525,0.77230263297,0.09065423844,2.63006535975,0.80102285065,0.10260720108,0.54135340859,0.929840932176788,0.816475082795394,0.544257789494617,0.0620939241750668,0.120250798258581,0.17612645011887,0.120250798258581,0.0120427037466408,0,5.84950451348053,0.001412020169,3869.02962553477,1e-04,1,0.142162084579468,392.643141746521,"1_995_1",1,995,1,995,FALSE,TRUE,8,0.0252555209565932,9,FALSE
"102",1.81902900775,0.80075071039,0.0971488659,2.6358489015,0.82697918007,0.09274580892,0.54770233868,0.936142504434417,0.758068401834197,0.191174526681057,0.0577230890281768,0.134478081588465,0.239578999773685,0.134478081588465,0.0103207070901329,0,3.10707642053116,0.0007031337999,3869.02962553477,1e-04,1,0.179027557373047,392.847518920898,"1_996_1",1,996,1,996,FALSE,TRUE,7,0.042396938631515,NA,NA
"103",2.68222375075,0.98605070268,0.03603958236,2.9589529835,0.43982057495,0.11550842454,0.55489011911,0.974154367238785,0.94294030192188,0.830736861255551,0.0372923016564159,0.066321130920575,0.111297270314311,0.066321130920575,0.0825575926296737,0,2.4998235711747,0.0005461658675,3869.02962553477,1e-04,1,0.121117115020752,393.135202169418,"1_998_1",1,998,1,998,FALSE,TRUE,2,0.0218692934854933,8,FALSE
